date,produit,categorie,quantite,prix_unitaire
2026-01-02,Ordinateur,Informatique,2,850
2026-01-03,Souris,Accessoires,15,25
2026-01-04,Clavier,Accessoires,10,45
2026-01-05,Ecran,Informatique,5,220
2026-01-06,Imprimante,Informatique,3,180
2026-01-07,Casque,Audio,12,75
2026-01-08,Webcam,Audio,8,65
2026-01-09,Ordinateur,Informatique,1,850
2026-01-10,Souris,Accessoires,20,25
2026-01-11,Ecran,Informatique,4,220
2026-01-12,Clavier,Accessoires,8,45
2026-01-13,Casque,Audio,10,75
2026-01-14,Webcam,Audio,6,65
2026-01-15,Imprimante,Informatique,2,180
2026-08-19,PC portable,Informatique,5,820
